<?xml version="1.0" encoding="UTF-8" ?>
<!DOCTYPE mapper PUBLIC "-//mybatis.org//DTD Mapper 3.0//EN" "http://mybatis.org/dtd/mybatis-3-mapper.dtd" >
<mapper namespace="com.bestchoice.business.area.mysql.dao.AreaDao" >
  <resultMap id="BaseResultMap" type="com.bestchoice.business.area.model.Area" >
    <id column="id" property="id" jdbcType="INTEGER" />
    <result column="areaID" property="areaid" jdbcType="VARCHAR" />
    <result column="area" property="area" jdbcType="VARCHAR" />
    <result column="father" property="father" jdbcType="VARCHAR" />
  </resultMap>

    <select id="getAreaByCityId" resultMap="BaseResultMap" parameterType="java.lang.String">
        select * from hat_area where father = #{id,jdbcType=VARCHAR}
    </select>

</mapper>