<?xml version="1.0" encoding="UTF-8" ?>
<!DOCTYPE mapper PUBLIC "-//mybatis.org//DTD Mapper 3.0//EN" "http://mybatis.org/dtd/mybatis-3-mapper.dtd" >
<mapper namespace="com.bestchoice.business.area.mysql.dao.CityDao" >
  <resultMap id="BaseResultMap" type="com.bestchoice.business.area.model.City" >
    <id column="id" property="id" jdbcType="INTEGER" />
    <result column="cityID" property="cityid" jdbcType="VARCHAR" />
    <result column="city" property="city" jdbcType="VARCHAR" />
    <result column="father" property="father" jdbcType="VARCHAR" />
  </resultMap>

  <select id="getCityByProvinceId" resultMap="BaseResultMap" parameterType="java.lang.String">
    select * from hat_city where father = #{id,jdbcType=VARCHAR}
  </select>
</mapper>