<?xml version="1.0" encoding="UTF-8"?>
<beans xmlns="http://www.springframework.org/schema/beans" xmlns:xsi="http://www.w3.org/2001/XMLSchema-instance"
       xmlns:mvc="http://www.springframework.org/schema/mvc" xmlns:p="http://www.springframework.org/schema/p"
       xmlns:context="http://www.springframework.org/schema/context" xmlns:aop="http://www.springframework.org/schema/aop"
       xmlns:tx="http://www.springframework.org/schema/tx"
        xmlns:task="http://www.springframework.org/schema/task" xsi:schemaLocation="http://www.springframework.org/schema/beans
	http://www.springframework.org/schema/beans/spring-beans-4.3.xsd http://www.springframework.org/schema/context 
    http://www.springframework.org/schema/context/spring-context-4.3.xsd http://www.springframework.org/schema/aop 
    http://www.springframework.org/schema/aop/spring-aop-4.3.xsd http://www.springframework.org/schema/tx 
    http://www.springframework.org/schema/tx/spring-tx-4.3.xsd http://www.springframework.org/schema/mvc 
    http://www.springframework.org/schema/mvc/spring-mvc-4.3.xsd http://www.springframework.org/schema/context 
    http://www.springframework.org/schema/task http://www.springframework.org/schema/task/spring-task-4.3.xsd
    http://www.springframework.org/schema/context/spring-context-4.3.xsd">
    
    <context:annotation-config/>
    <!-- 使Spring支持自动检测组件，如注解的Controller -->
    <context:component-scan base-package="com.*"
		use-default-filters="false">
		<context:include-filter type="annotation"
			expression="org.springframework.stereotype.Controller" />
	</context:component-scan>
	
	<!-- 处理请求返回json字符串的中文乱码问题 -->
    <mvc:annotation-driven>
        <mvc:message-converters>
            <bean class="org.springframework.http.converter.StringHttpMessageConverter">
                <property name="supportedMediaTypes">
                    <list>
                        <value>application/json;charset=UTF-8</value>
                    </list>
                </property>
            </bean>
        </mvc:message-converters>
    </mvc:annotation-driven>
    
    <mvc:annotation-driven />
	<mvc:default-servlet-handler/>
	
	
<!-- 	<bean id="viewResolver" class="org.springframework.web.servlet.view.InternalResourceViewResolver" -->
<!--           p:prefix="/WEB-INF/jsp/" p:suffix=".jsp" /> -->
           
</beans>