<?xml version="1.0" encoding="UTF-8"?>
<beans xmlns="http://www.springframework.org/schema/beans" xmlns:xsi="http://www.w3.org/2001/XMLSchema-instance"
       xmlns:mvc="http://www.springframework.org/schema/mvc" xmlns:p="http://www.springframework.org/schema/p"
       xmlns:context="http://www.springframework.org/schema/context" xmlns:aop="http://www.springframework.org/schema/aop"
       xmlns:tx="http://www.springframework.org/schema/tx" xsi:schemaLocation="http://www.springframework.org/schema/beans
	http://www.springframework.org/schema/beans/spring-beans-4.3.xsd http://www.springframework.org/schema/context 
    http://www.springframework.org/schema/context/spring-context-4.3.xsd http://www.springframework.org/schema/aop 
    http://www.springframework.org/schema/aop/spring-aop-4.3.xsd http://www.springframework.org/schema/tx 
    http://www.springframework.org/schema/tx/spring-tx-4.3.xsd http://www.springframework.org/schema/mvc 
    http://www.springframework.org/schema/mvc/spring-mvc-4.3.xsd http://www.springframework.org/schema/context 
    http://www.springframework.org/schema/context/spring-context-4.3.xsd">

	<description>Spring公共配置文件</description>
	
	<bean id="propertyConfigurer"
		class="org.springframework.beans.factory.config.PropertyPlaceholderConfigurer">
		<property name="locations">
			<list>
				<value>classpath:*.properties</value>
			</list>
		</property>
		<property name="fileEncoding">
			<value>UTF-8</value>
		</property>
	</bean>
	
	<!-- database -->
	
	<!-- mysql -->
	   <!-- mysql数据源 -->
    <bean name="mysqlDataSource" class="com.alibaba.druid.pool.DruidDataSource" init-method="init" destroy-method="close">
        <property name="driverClassName" value="${mysql.driverClassName}"/>
        <property name="url" value="${mysql.url}"/>
        <property name="username" value="${mysql.username}"/>
        <property name="password" value="${mysql.password}"/>
    </bean>
	
<!-- 	    配置事务 -->
    <bean id="mysqltransactionManager" class="org.springframework.jdbc.datasource.DataSourceTransactionManager">
        <property name="dataSource" ref="mysqlDataSource"/>
    </bean>
     <tx:advice id="mysqltransactionAdvice" transaction-manager="mysqltransactionManager">
        <tx:attributes>
            <tx:method name="add*" propagation="REQUIRED"/>
            <tx:method name="delete*" propagation="REQUIRED"/>
            <tx:method name="select*" propagation="REQUIRED"/>
            <tx:method name="update*" propagation="REQUIRED"/>
            <tx:method name="get*" propagation="SUPPORTS" read-only="true"/>
            <tx:method name="list*" propagation="SUPPORTS" read-only="true"/>
            <tx:method name="find*" propagation="SUPPORTS" read-only="true"/>
            <tx:method name="login" propagation="SUPPORTS" read-only="true"/>
        </tx:attributes>
    </tx:advice>
    <aop:config>
        <aop:pointcut id="mysqltransactionPointcut" expression="execution(* com.bestchoice.business.*.service.impl.*.*(..))"/>
        <aop:advisor pointcut-ref="mysqltransactionPointcut" advice-ref="mysqltransactionAdvice"/>
    </aop:config>
    
	<!-- Mybatis配置 -->
    <bean id="mysqlsqlSessionFactory" class="org.mybatis.spring.SqlSessionFactoryBean">
        <property name="dataSource" ref="mysqlDataSource"/>
        <property name="configLocation" value="classpath:mybatis-config.xml" />
        <property name="mapperLocations" value="classpath*:com/bestchoice/business/area/mysql/mapper/*.xml"/>
    </bean>
	 
	<bean class="org.mybatis.spring.mapper.MapperScannerConfigurer">
		<property name="basePackage" value="com.bestchoice.business.*.mysql.dao" />
		<property name="sqlSessionFactoryBeanName" value="mysqlsqlSessionFactory" />
	</bean>
	<!-- mysql -->
		<!-- oracle -->
	  <!-- oracle数据源 -->
	<bean name="oracleDataSource" class="com.alibaba.druid.pool.DruidDataSource" init-method="init" destroy-method="close">
		<property name="url" value="${oracle.url}" />
		<property name="username" value="${oracle.username}" />
		<property name="password" value="${oracle.password}" />
		<!-- 配置初始化大小、最小、最大 -->
		<property name="initialSize" value="1" />
		<!-- 配置获取连接等待超时的时间 -->
		<property name="maxWait" value="60000" />
		<property name="defaultAutoCommit" value="true"/>
		<!-- 配置间隔多久才进行一次检测，检测需要关闭的空闲连接，单位是毫秒 -->
		<property name="timeBetweenEvictionRunsMillis" value="60000" />
		<!-- 配置一个连接在池中最小生存的时间，单位是毫秒 -->
		<property name="minEvictableIdleTimeMillis" value="300000" />
		<property name="validationQuery" value="SELECT 'x'" />
		<property name="testWhileIdle" value="true" />
		<property name="testOnBorrow" value="false" />
		<property name="testOnReturn" value="false" />
		<!-- 打开PSCache，并且指定每个连接上PSCache的大小 -->
		<property name="poolPreparedStatements" value="true" />
		<property name="maxPoolPreparedStatementPerConnectionSize" value="20" />
		<!-- 监控数据库 -->
		<!-- <property name="filters" value="mergeStat" /> -->
		<property name="filters" value="stat" />
	</bean>
	<!-- 	    配置事务 -->
	<bean id="oracletransactionManager" class="org.springframework.jdbc.datasource.DataSourceTransactionManager">
        <property name="dataSource" ref="oracleDataSource"/>
    </bean>
	<tx:advice id="oracletransactionAdvice" transaction-manager="oracletransactionManager">
        <tx:attributes>
            <tx:method name="add*" propagation="REQUIRED"/>
            <tx:method name="delete*" propagation="REQUIRED"/>
            <tx:method name="select*" propagation="REQUIRED"/>
            <tx:method name="update*" propagation="REQUIRED"/>
            <tx:method name="get*" propagation="SUPPORTS" read-only="true"/>
            <tx:method name="list*" propagation="SUPPORTS" read-only="true"/>
            <tx:method name="find*" propagation="SUPPORTS" read-only="true"/>
            <tx:method name="login" propagation="SUPPORTS" read-only="true"/>
        </tx:attributes>
    </tx:advice>
    <aop:config>
        <aop:pointcut id="oracletransactionPointcut" expression="execution(* com.bestchoice.business.*.service.impl.*.*(..))"/>
        <aop:advisor pointcut-ref="oracletransactionPointcut" advice-ref="oracletransactionAdvice"/>
    </aop:config>
	
	<!-- Mybatis配置 -->
    <bean id="oraclesqlSessionFactory" class="org.mybatis.spring.SqlSessionFactoryBean">
        <property name="dataSource" ref="oracleDataSource"/>
        <property name="configLocation" value="classpath:mybatis-config.xml" />
        <property name="mapperLocations" value="classpath*:com/bestchoice/business/area/oracle/mapper/*.xml"/>
    </bean>
	<bean class="org.mybatis.spring.mapper.MapperScannerConfigurer">
		<property name="basePackage" value="com.bestchoice.business.*.oracle.dao" />
		<property name="sqlSessionFactoryBeanName" value="oraclesqlSessionFactory" />
	</bean>
	
	<!-- oracle -->
	
	<!-- database -->
	
	
	
	
		 <bean id="jedisPoolConfig" class="redis.clients.jedis.JedisPoolConfig"> 
        <property name="maxIdle" value="1" /> 
        <property name="maxTotal" value="5" /> 
        <property name="blockWhenExhausted" value="true" /> 
        <property name="maxWaitMillis" value="30000" /> 
        <property name="testOnBorrow" value="true" />  
    </bean> 

    <bean id="jedisConnectionFactory" class="org.springframework.data.redis.connection.jedis.JedisConnectionFactory"> 
        <property name="hostName" value="192.168.0.138" /> 
        <property name="port" value="6379"/> 
        <property name="poolConfig" ref="jedisPoolConfig" /> 
        <property name="usePool" value="true"/> 
    </bean> 

    <bean id="redisTemplate" class="org.springframework.data.redis.core.RedisTemplate">   
        <property name="connectionFactory"   ref="jedisConnectionFactory" />   
        <property name="keySerializer">   
            <bean class="org.springframework.data.redis.serializer.StringRedisSerializer" />   
        </property>      
        <property name="valueSerializer">   
            <bean class="org.springframework.data.redis.serializer.JdkSerializationRedisSerializer" />   
        </property>   
        <property name="hashKeySerializer">     
           <bean class="org.springframework.data.redis.serializer.StringRedisSerializer"/>     
        </property>   
        <property name="hashValueSerializer">   
           <bean class="org.springframework.data.redis.serializer.JdkSerializationRedisSerializer"/>     
        </property> 
     </bean> 
     
     <bean id="redisLock" class="com.bestchoice.distrblock.redis.lock.RedisLock">
     <constructor-arg name="redisTemplate"  ref="redisTemplate"></constructor-arg>
     <constructor-arg name="lockKey" value="1234"></constructor-arg>
     <constructor-arg name="timeoutMsecs" value="10000"></constructor-arg>
     <constructor-arg name="expireMsecs" value="20000"></constructor-arg>
<!--      	<property name="redisTemplate" ref="redisTemplate"></property> -->
<!--      	<property name="lockKey" value="1234"></property> -->
<!--      	<property name="timeoutMsecs" value="10000"></property> -->
<!--      	<property name="expireMsecs" value="20000"></property> -->
     </bean>
	
	
	<!-- 引入其他xml  -->
	<!-- <import resource="spring-lock.xml"/> -->
	<import resource="spring-dubbo.xml"/>
</beans>