<?xml version="1.0" encoding="UTF-8"?>
<beans xmlns="http://www.springframework.org/schema/beans" xmlns:xsi="http://www.w3.org/2001/XMLSchema-instance"
       xmlns:mvc="http://www.springframework.org/schema/mvc" xmlns:p="http://www.springframework.org/schema/p"
       xmlns:dubbo="http://code.alibabatech.com/schema/dubbo"
       xmlns:context="http://www.springframework.org/schema/context" xmlns:aop="http://www.springframework.org/schema/aop"
       xmlns:tx="http://www.springframework.org/schema/tx" xsi:schemaLocation="http://www.springframework.org/schema/beans
	http://www.springframework.org/schema/beans/spring-beans-4.3.xsd http://www.springframework.org/schema/context 
    http://www.springframework.org/schema/context/spring-context-4.3.xsd http://www.springframework.org/schema/aop 
    http://www.springframework.org/schema/aop/spring-aop-4.3.xsd http://www.springframework.org/schema/tx 
    http://www.springframework.org/schema/tx/spring-tx-4.3.xsd http://www.springframework.org/schema/mvc 
    http://www.springframework.org/schema/mvc/spring-mvc-4.3.xsd http://www.springframework.org/schema/context 
    http://www.springframework.org/schema/context/spring-context-4.3.xsd
    http://code.alibabatech.com/schema/dubbo http://code.alibabatech.com/schema/dubbo/dubbo.xsd">
    
    
    <!-- 自动扫描service包 -->
	<context:component-scan base-package="com.bestchoice.business.*"/>
    
	<dubbo:application name="bc_business_service"/>
	<dubbo:provider timeout="${provider.timeout}" retries="0" />
    <dubbo:registry address="${provider.registry.address}" check="false" group="${provider.registry.group}"/>
   	<dubbo:protocol name="dubbo" port="${provider.port}" dispatcher="all" threadpool="fixed" threads="10000" /> 
   	
   	
    <!-- <dubbo:annotation package="com.best.choice.business.*.interfaces" /> -->
	<!-- 要暴露的服务接口 -->
	<dubbo:service interface="com.bestchoice.business.area.iface.ICityService" ref="cityService" />
	<dubbo:service interface="com.bestchoice.business.zybank.service.IstudentService" ref="studentService" />
	
  
</beans>