<?xml version="1.0" encoding="UTF-8"?>
<beans xmlns="http://www.springframework.org/schema/beans" xmlns:xsi="http://www.w3.org/2001/XMLSchema-instance"
       xmlns:mvc="http://www.springframework.org/schema/mvc" xmlns:p="http://www.springframework.org/schema/p"
       xmlns:context="http://www.springframework.org/schema/context" xmlns:aop="http://www.springframework.org/schema/aop"
       xmlns:tx="http://www.springframework.org/schema/tx" xsi:schemaLocation="http://www.springframework.org/schema/beans
	http://www.springframework.org/schema/beans/spring-beans-4.3.xsd http://www.springframework.org/schema/context 
    http://www.springframework.org/schema/context/spring-context-4.3.xsd http://www.springframework.org/schema/aop 
    http://www.springframework.org/schema/aop/spring-aop-4.3.xsd http://www.springframework.org/schema/tx 
    http://www.springframework.org/schema/tx/spring-tx-4.3.xsd http://www.springframework.org/schema/mvc 
    http://www.springframework.org/schema/mvc/spring-mvc-4.3.xsd http://www.springframework.org/schema/context 
    http://www.springframework.org/schema/context/spring-context-4.3.xsd">

	<description>Spring公共配置文件</description>
	
	<bean id="propertyConfigurer"
		class="org.springframework.beans.factory.config.PropertyPlaceholderConfigurer">
		<property name="locations">
			<list>
				<value>classpath:dubbo.properties</value>
			</list>
		</property>
		<property name="fileEncoding">
			<value>UTF-8</value>
		</property>
	</bean>
	
	
	
	
	 <bean id="jedisPoolConfig" class="redis.clients.jedis.JedisPoolConfig"> 
        <property name="maxIdle" value="1" /> 
        <property name="maxTotal" value="5" /> 
        <property name="blockWhenExhausted" value="true" /> 
        <property name="maxWaitMillis" value="30000" /> 
        <property name="testOnBorrow" value="true" />  
    </bean> 

    <bean id="jedisConnectionFactory" class="org.springframework.data.redis.connection.jedis.JedisConnectionFactory"> 
        <property name="hostName" value="192.168.0.138" /> 
        <property name="port" value="6379"/> 
        <property name="poolConfig" ref="jedisPoolConfig" /> 
        <property name="usePool" value="true"/> 
    </bean> 

    <bean id="redisTemplate" class="org.springframework.data.redis.core.RedisTemplate">   
        <property name="connectionFactory"   ref="jedisConnectionFactory" />   
        <property name="keySerializer">   
            <bean class="org.springframework.data.redis.serializer.StringRedisSerializer" />   
        </property>      
        <property name="valueSerializer">   
            <bean class="org.springframework.data.redis.serializer.JdkSerializationRedisSerializer" />   
        </property>   
        <property name="hashKeySerializer">     
           <bean class="org.springframework.data.redis.serializer.StringRedisSerializer"/>     
        </property>   
        <property name="hashValueSerializer">   
           <bean class="org.springframework.data.redis.serializer.JdkSerializationRedisSerializer"/>     
        </property> 
     </bean> 

	<!-- 引入其他xml  -->
	<!-- <import resource="spring-lock.xml"/> -->
	<import resource="spring-dubbo.xml"/>
</beans>